{
  "hash": "43483ee8",
  "configHash": "b339209f",
  "lockfileHash": "7ac53724",
  "browserHash": "48538163",
  "optimized": {
    "@angular/common": {
      "src": "../../../../../node_modules/@angular/common/fesm2022/common.mjs",
      "file": "@angular_common.js",
      "fileHash": "73ae1916",
      "needsInterop": false
    },
    "@angular/common/http": {
      "src": "../../../../../node_modules/@angular/common/fesm2022/http.mjs",
      "file": "@angular_common_http.js",
      "fileHash": "38165431",
      "needsInterop": false
    },
    "@angular/core": {
      "src": "../../../../../node_modules/@angular/core/fesm2022/core.mjs",
      "file": "@angular_core.js",
      "fileHash": "dbafbc30",
      "needsInterop": false
    },
    "@angular/platform-browser": {
      "src": "../../../../../node_modules/@angular/platform-browser/fesm2022/platform-browser.mjs",
      "file": "@angular_platform-browser.js",
      "fileHash": "1cc1b645",
      "needsInterop": false
    },
    "@angular/router": {
      "src": "../../../../../node_modules/@angular/router/fesm2022/router.mjs",
      "file": "@angular_router.js",
      "fileHash": "91fa7560",
      "needsInterop": false
    },
    "swiper": {
      "src": "../../../../../node_modules/swiper/swiper.mjs",
      "file": "swiper.js",
      "fileHash": "bf3056e8",
      "needsInterop": false
    },
    "swiper/modules": {
      "src": "../../../../../node_modules/swiper/modules/index.mjs",
      "file": "swiper_modules.js",
      "fileHash": "5cfe7dbd",
      "needsInterop": false
    }
  },
  "chunks": {
    "chunk-7VTYBBYR": {
      "file": "chunk-7VTYBBYR.js"
    },
    "chunk-BIKEGQAV": {
      "file": "chunk-BIKEGQAV.js"
    },
    "chunk-46VLP2PR": {
      "file": "chunk-46VLP2PR.js"
    },
    "chunk-TRU5CPND": {
      "file": "chunk-TRU5CPND.js"
    },
    "chunk-WE6IFHW7": {
      "file": "chunk-WE6IFHW7.js"
    },
    "chunk-WDMUDEB6": {
      "file": "chunk-WDMUDEB6.js"
    }
  }
}